[
  {
    "model": "portfolio.project",
    "pk": 1,
    "fields": {
      "name": "Recruitment System",
      "slug": "recruitment-system",
      "description": "<p>A project made for the Human Resource Department to help with:</p>\r\n\r\n<p>- Recruitment process&nbsp;<img alt=\"yes\" src=\"http://127.0.0.1:8000/static/ckeditor/ckeditor/plugins/smiley/images/thumbs_up.png\" style=\"height:23px; width:23px\" title=\"yes\" /></p>\r\n\r\n<p>- Monitoring of requirements&nbsp;<img alt=\"yes\" src=\"http://127.0.0.1:8000/static/ckeditor/ckeditor/plugins/smiley/images/thumbs_up.png\" style=\"height:23px; width:23px\" title=\"yes\" /></p>\r\n\r\n<p>- Generation of reports&nbsp;<img alt=\"yes\" src=\"http://127.0.0.1:8000/static/ckeditor/ckeditor/plugins/smiley/images/thumbs_up.png\" style=\"height:23px; width:23px\" title=\"yes\" /></p>\r\n\r\n<p>- Survey monitoring result&nbsp;<img alt=\"yes\" src=\"http://127.0.0.1:8000/static/ckeditor/ckeditor/plugins/smiley/images/thumbs_up.png\" style=\"height:23px; width:23px\" title=\"yes\" /></p>\r\n\r\n<p>- Sending of email and SMS notifications&nbsp;<img alt=\"yes\" src=\"http://127.0.0.1:8000/static/ckeditor/ckeditor/plugins/smiley/images/thumbs_up.png\" style=\"height:23px; width:23px\" title=\"yes\" /></p>\r\n\r\n<p>&nbsp;</p>\r\n\r\n<p>This is my first company project made with Django. I&#39;ve learned a lot about the framework, things&nbsp;like:</p>\r\n\r\n<p>- CBV</p>\r\n\r\n<p>- Django Custom Commands</p>\r\n\r\n<p>- Splitting settings file</p>\r\n\r\n<p>- Different Django Packages</p>\r\n\r\n<p>Deployed in CentOS 6 with Nginx and Gunicorn. Implemented server-side processing for <a href=\"https://datatables.net/\">DataTables </a>for huge amounts of data.</p>",
      "back_end": "Python 3.6, Django 2.2",
      "front_end": "Bootstrap 4, Jquery, DataTables",
      "classification": "company",
      "git_link": null,
      "website_link": null,
      "ordering": 1,
      "created_at": "2020-10-15T15:18:46.100Z"
    }
  },
  {
    "model": "portfolio.project",
    "pk": 2,
    "fields": {
      "name": "Document Management",
      "slug": "document-management",
      "description": "<p>Project for the Quality Assurance Department to help manage their daily tasks.</p>\r\n\r\n<p>This project is pretty challenging since it was more on PDF Documents but it was fun since you could automate so much stuff with writing, modifying, and merging PDFs using python.&nbsp;I was exposed to different PDF Libraries available for python like:</p>\r\n\r\n<p>-&nbsp;<a href=\"https://pypi.org/project/reportlab/\">reportlab</a>&nbsp;</p>\r\n\r\n<p>- <a href=\"https://pythonhosted.org/PyPDF2/\">PyPDF2</a></p>\r\n\r\n<p>- <a href=\"https://xhtml2pdf.readthedocs.io/en/latest/format_html.html\">xhtml2pdf</a></p>\r\n\r\n<p>Created an integration with the Internal Chat application(<a href=\"https://rocket.chat/\">Rocketchat</a>) to push notification using their API.</p>",
      "back_end": "Python 3.6, Django 2.2",
      "front_end": "Bootstrap 4, Jquery, DataTables",
      "classification": "company",
      "git_link": null,
      "website_link": null,
      "ordering": 2,
      "created_at": "2020-10-15T15:19:44.089Z"
    }
  },
  {
    "model": "portfolio.project",
    "pk": 3,
    "fields": {
      "name": "Daily Task",
      "slug": "daily-task",
      "description": "<p>The project is simply made to track the task of work from home employees during the COVID pandemic.</p>\r\n\r\n<p>Key Features:</p>\r\n\r\n<p>1. CRUD for employees&#39; tasks.</p>\r\n\r\n<p>2. Add attachments for each activity.</p>\r\n\r\n<p>3. Managers can monitor tasks of employees under supervision.</p>\r\n\r\n<p>4. HR Team can the tasks of all employees.</p>\r\n\r\n<p>5. Generate reports with Excel.</p>",
      "back_end": "Python 3.6, Django 2.2",
      "front_end": "Bootstrap 4, DataTables",
      "classification": "company",
      "git_link": null,
      "website_link": null,
      "ordering": 3,
      "created_at": "2020-10-15T15:20:34.119Z"
    }
  },
  {
    "model": "portfolio.project",
    "pk": 4,
    "fields": {
      "name": "Qoute Generator",
      "slug": "qoute-generator",
      "description": "<p>Personal project to better understand&nbsp;python&#39;s requests library and manipulating Restful APIs.</p>",
      "back_end": "Python 3.7, Django 3.0",
      "front_end": "CSS3",
      "classification": "personal",
      "git_link": "https://github.com/aceaceace30/Random-Qoute-Generator",
      "website_link": "http://aceaceace303030.pythonanywhere.com/",
      "ordering": 4,
      "created_at": "2020-10-15T15:21:20.274Z"
    }
  },
  {
    "model": "portfolio.project",
    "pk": 5,
    "fields": {
      "name": "Inventory Management System",
      "slug": "inventory-management-system",
      "description": "<p>Inventory Management Project for Microsphere Systems Technology.</p>\r\n\r\n<p>This is my second freelance project created with Django, Datatable, and Jquery.</p>\r\n\r\n<p>Key Features:</p>\r\n\r\n<p>1. Management of Computer Inventory.</p>\r\n\r\n<p>2. Historical Data of each row data.</p>\r\n\r\n<p>2. Schedule&nbsp;and monitoring of preventive maintenance.</p>\r\n\r\n<p>3. Web view for clients.</p>\r\n\r\n<p>4. History of changes for units.</p>\r\n\r\n<p>5. Email client notification.</p>\r\n\r\n<p>6. Generation of reports for PDF and Excel.</p>",
      "back_end": "Python 3.7, Django 2.2",
      "front_end": "Bootstrap 4, Jquery, DataTables",
      "classification": "freelance",
      "git_link": "https://github.com/aceaceace30/microsphere",
      "website_link": null,
      "ordering": 5,
      "created_at": "2020-10-15T15:22:00.757Z"
    }
  },
  {
    "model": "portfolio.project",
    "pk": 6,
    "fields": {
      "name": "Find my mother",
      "slug": "find-my-mother",
      "description": "<p>I mainly use Bootstrap and jQuery on most of my projects. The reason I&nbsp;made this game is to refresh and be familiarized with Vanilla Javascript syntax since&nbsp;the Bootstrap team&nbsp;announced that they are dropping their support on jQuery for the version 5 release.</p>\r\n\r\n<p>PS: Happy mother&#39;s day to my Mom, You are the best.&nbsp;<img alt=\"heart\" src=\"http://127.0.0.1:8000/static/ckeditor/ckeditor/plugins/smiley/images/heart.png\" style=\"height:23px; width:23px\" title=\"heart\" /></p>",
      "back_end": "N/A",
      "front_end": "Vanilla Javascript",
      "classification": "freelance",
      "git_link": "https://github.com/aceaceace30/happy-mothers-day",
      "website_link": "https://happy-mothers-day-mama.000webhostapp.com/",
      "ordering": 6,
      "created_at": "2020-10-15T15:22:57.112Z"
    }
  },
  {
    "model": "portfolio.project",
    "pk": 7,
    "fields": {
      "name": "Covid Appointment",
      "slug": "covid-appointment",
      "description": "<p>Another project made with Django, jQuery, and Bootstrap 4.</p>\r\n\r\n<p>Key Features:</p>\r\n\r\n<p>- Step by step appointment page.</p>\r\n\r\n<p>- Group appointment and client access.</p>\r\n\r\n<p>- Dashboard to list all available appointments.</p>\r\n\r\n<p>- Send encrypted email of test results on PDF.</p>\r\n\r\n<p>- Add test results.</p>\r\n\r\n<p>- Restful API for 3rd party access of data.</p>\r\n\r\n<p>- jQuery date picker and time picker with conditional disable of date and time.</p>",
      "back_end": "Python 3.6, Django 2.2",
      "front_end": "Bootstrap 4, Jquery, DataTables",
      "classification": "company",
      "git_link": null,
      "website_link": null,
      "ordering": 7,
      "created_at": "2020-10-15T15:23:53.189Z"
    }
  },
  {
    "model": "portfolio.project",
    "pk": 8,
    "fields": {
      "name": "Mini Instagram",
      "slug": "mini-instagram",
      "description": "<p>Replica of Instagram social media made with PHP and Laravel framework.</p>\r\n\r\n<p>This project is a crash course of <a href=\"https://www.freecodecamp.org/\">freeCodeCamp</a> on Youtube.</p>",
      "back_end": "PHP, Laravel",
      "front_end": "Vue.js, Bootstrap 4",
      "classification": "personal",
      "git_link": "https://github.com/aceaceace30/Acetagram",
      "website_link": null,
      "ordering": 8,
      "created_at": "2020-10-15T15:25:12.418Z"
    }
  },
  {
    "model": "portfolio.about",
    "pk": 1,
    "fields": {
      "name": "full_name",
      "value": "Michael Ababao",
      "created_at": "2020-10-14T08:21:56.573Z"
    }
  },
  {
    "model": "portfolio.about",
    "pk": 2,
    "fields": {
      "name": "job_title",
      "value": "Web Developer / Freelancer",
      "created_at": "2020-10-14T08:22:26.805Z"
    }
  },
  {
    "model": "portfolio.about",
    "pk": 3,
    "fields": {
      "name": "birthdate",
      "value": "Nov 30, 1993",
      "created_at": "2020-10-14T08:22:52.052Z"
    }
  },
  {
    "model": "portfolio.about",
    "pk": 5,
    "fields": {
      "name": "city",
      "value": "Makati",
      "created_at": "2020-10-14T08:23:40.260Z"
    }
  },
  {
    "model": "portfolio.about",
    "pk": 6,
    "fields": {
      "name": "degree",
      "value": "Bachelors",
      "created_at": "2020-10-14T08:23:48.900Z"
    }
  },
  {
    "model": "portfolio.about",
    "pk": 7,
    "fields": {
      "name": "description",
      "value": "Graduate of Bachelor of Science in Information Technology at STI College Makati. I started Web Development on 2016 and continously building up my skills as a Web Developer to keep up with the growth of technology. Always been excited working on a project cause I feel like I am always learning something new.",
      "created_at": "2020-10-14T08:24:08.508Z"
    }
  },
  {
    "model": "portfolio.about",
    "pk": 8,
    "fields": {
      "name": "linkedin_url",
      "value": "https://www.linkedin.com/in/michael-jay-ababao-3518b0162/",
      "created_at": "2020-10-14T08:45:37.164Z"
    }
  },
  {
    "model": "portfolio.about",
    "pk": 9,
    "fields": {
      "name": "github_url",
      "value": "https://github.com/aceaceace30",
      "created_at": "2020-10-14T08:45:46.663Z"
    }
  },
  {
    "model": "portfolio.about",
    "pk": 10,
    "fields": {
      "name": "summary",
      "value": "2+ years of experience with Web Development and has a strong background of different business process.",
      "created_at": "2020-10-14T08:50:41.204Z"
    }
  },
  {
    "model": "portfolio.about",
    "pk": 11,
    "fields": {
      "name": "address",
      "value": "Novaliches Street, Makati City",
      "created_at": "2020-10-14T08:50:49.076Z"
    }
  },
  {
    "model": "portfolio.about",
    "pk": 12,
    "fields": {
      "name": "mobile_no",
      "value": "+639052950486",
      "created_at": "2020-10-14T08:51:01.059Z"
    }
  },
  {
    "model": "portfolio.about",
    "pk": 13,
    "fields": {
      "name": "email",
      "value": "michaelababao200@gmail.com",
      "created_at": "2020-10-14T08:51:04.500Z"
    }
  },
  {
    "model": "portfolio.skill",
    "pk": 1,
    "fields": {
      "name": "HTML",
      "value": "95",
      "ordering": 1,
      "active": true,
      "created_at": "2020-10-14T08:54:29.518Z"
    }
  },
  {
    "model": "portfolio.skill",
    "pk": 2,
    "fields": {
      "name": "CSS",
      "value": "75",
      "ordering": 2,
      "active": true,
      "created_at": "2020-10-14T08:54:38.331Z"
    }
  },
  {
    "model": "portfolio.skill",
    "pk": 3,
    "fields": {
      "name": "JAVASCRIPT",
      "value": "80",
      "ordering": 3,
      "active": true,
      "created_at": "2020-10-14T08:54:58.364Z"
    }
  },
  {
    "model": "portfolio.skill",
    "pk": 4,
    "fields": {
      "name": "JQUERY",
      "value": "75",
      "ordering": 4,
      "active": true,
      "created_at": "2020-10-14T08:55:09.421Z"
    }
  },
  {
    "model": "portfolio.skill",
    "pk": 5,
    "fields": {
      "name": "PYTHON",
      "value": "90",
      "ordering": 5,
      "active": true,
      "created_at": "2020-10-14T08:55:15.765Z"
    }
  },
  {
    "model": "portfolio.skill",
    "pk": 6,
    "fields": {
      "name": "PHP",
      "value": "70",
      "ordering": 6,
      "active": true,
      "created_at": "2020-10-14T08:55:24.982Z"
    }
  },
  {
    "model": "portfolio.skill",
    "pk": 7,
    "fields": {
      "name": "GIT",
      "value": "90",
      "ordering": 7,
      "active": true,
      "created_at": "2020-10-14T08:55:32.767Z"
    }
  },
  {
    "model": "portfolio.skill",
    "pk": 8,
    "fields": {
      "name": "DJANGO",
      "value": "85",
      "ordering": 8,
      "active": true,
      "created_at": "2020-10-14T08:55:40.685Z"
    }
  },
  {
    "model": "portfolio.skill",
    "pk": 9,
    "fields": {
      "name": "LARAVEL",
      "value": "60",
      "ordering": 9,
      "active": true,
      "created_at": "2020-10-14T08:55:48.797Z"
    }
  },
  {
    "model": "portfolio.skill",
    "pk": 10,
    "fields": {
      "name": "BOOTSTRAP",
      "value": "80",
      "ordering": 10,
      "active": true,
      "created_at": "2020-10-14T08:55:55.373Z"
    }
  },
  {
    "model": "portfolio.skill",
    "pk": 11,
    "fields": {
      "name": "LINUX ADMINISTRATION",
      "value": "60",
      "ordering": 11,
      "active": true,
      "created_at": "2020-10-14T08:56:05.828Z"
    }
  },
  {
    "model": "portfolio.skill",
    "pk": 12,
    "fields": {
      "name": "WORDPRESS",
      "value": "40",
      "ordering": 12,
      "active": true,
      "created_at": "2020-10-14T08:56:15.191Z"
    }
  },
  {
    "model": "portfolio.skill",
    "pk": 13,
    "fields": {
      "name": "CELERY(PYTHON)",
      "value": "60",
      "ordering": 13,
      "active": true,
      "created_at": "2020-10-14T09:22:50.708Z"
    }
  },
  {
    "model": "portfolio.skill",
    "pk": 14,
    "fields": {
      "name": "AWS",
      "value": "50",
      "ordering": 14,
      "active": true,
      "created_at": "2020-10-14T09:23:31.750Z"
    }
  },
  {
    "model": "portfolio.task",
    "pk": 1,
    "fields": {
      "description": "Develops required web applications needed.",
      "active": true,
      "created_at": "2020-10-14T09:26:06.042Z"
    }
  },
  {
    "model": "portfolio.task",
    "pk": 2,
    "fields": {
      "description": "Maintains and extend current web applications used.",
      "active": true,
      "created_at": "2020-10-14T09:26:09.835Z"
    }
  },
  {
    "model": "portfolio.task",
    "pk": 3,
    "fields": {
      "description": "Creates complex reports and statistics based on client needs.",
      "active": true,
      "created_at": "2020-10-14T09:26:14.339Z"
    }
  },
  {
    "model": "portfolio.task",
    "pk": 4,
    "fields": {
      "description": "Provides technical support for software and hardware used by the organization.",
      "active": true,
      "created_at": "2020-10-14T09:26:26.482Z"
    }
  },
  {
    "model": "portfolio.task",
    "pk": 5,
    "fields": {
      "description": "Maintains 3rd party softwares.",
      "active": true,
      "created_at": "2020-10-14T09:26:37.818Z"
    }
  },
  {
    "model": "portfolio.task",
    "pk": 6,
    "fields": {
      "description": "Performs timely hardware and software upgrades as required.",
      "active": true,
      "created_at": "2020-10-14T09:26:44.129Z"
    }
  },
  {
    "model": "portfolio.task",
    "pk": 7,
    "fields": {
      "description": "Develop new API endpoints.",
      "active": true,
      "created_at": "2020-10-15T16:17:06.048Z"
    }
  },
  {
    "model": "portfolio.task",
    "pk": 8,
    "fields": {
      "description": "Monitor AWS servers.",
      "active": true,
      "created_at": "2020-10-15T16:17:20.992Z"
    }
  },
  {
    "model": "portfolio.jobexperience",
    "pk": 1,
    "fields": {
      "job_title": "PROGRAMMER",
      "company": "Halcyon Marine Healthcare Systems",
      "duration": "January 2019 - Present",
      "ordering": 2,
      "active": true,
      "created_at": "2020-10-14T09:28:36.841Z"
    }
  },
  {
    "model": "portfolio.jobexperience",
    "pk": 2,
    "fields": {
      "job_title": "TECHNICAL SUPPORT",
      "company": "New Hatchin Trading Corporation",
      "duration": "May 2018 - December 2018",
      "ordering": 3,
      "active": true,
      "created_at": "2020-10-14T09:29:26.912Z"
    }
  },
  {
    "model": "portfolio.jobexperience",
    "pk": 3,
    "fields": {
      "job_title": "PYTHON DEVELOPER",
      "company": "Valens-Research",
      "duration": "July 2020 to Present",
      "ordering": 1,
      "active": true,
      "created_at": "2020-10-15T16:16:12.952Z"
    }
  },
  {
    "model": "portfolio.jobexperiencetask",
    "pk": 1,
    "fields": {
      "job_experience": 2,
      "task": 1
    }
  },
  {
    "model": "portfolio.jobexperiencetask",
    "pk": 2,
    "fields": {
      "job_experience": 2,
      "task": 2
    }
  },
  {
    "model": "portfolio.jobexperiencetask",
    "pk": 3,
    "fields": {
      "job_experience": 2,
      "task": 3
    }
  },
  {
    "model": "portfolio.jobexperiencetask",
    "pk": 4,
    "fields": {
      "job_experience": 1,
      "task": 4
    }
  },
  {
    "model": "portfolio.jobexperiencetask",
    "pk": 5,
    "fields": {
      "job_experience": 1,
      "task": 1
    }
  },
  {
    "model": "portfolio.jobexperiencetask",
    "pk": 6,
    "fields": {
      "job_experience": 1,
      "task": 5
    }
  },
  {
    "model": "portfolio.jobexperiencetask",
    "pk": 7,
    "fields": {
      "job_experience": 1,
      "task": 6
    }
  },
  {
    "model": "portfolio.jobexperiencetask",
    "pk": 8,
    "fields": {
      "job_experience": 3,
      "task": 5
    }
  },
  {
    "model": "portfolio.jobexperiencetask",
    "pk": 9,
    "fields": {
      "job_experience": 3,
      "task": 7
    }
  },
  {
    "model": "portfolio.jobexperiencetask",
    "pk": 10,
    "fields": {
      "job_experience": 3,
      "task": 8
    }
  },
  {
    "model": "admin.logentry",
    "pk": 1,
    "fields": {
      "action_time": "2020-10-15T15:09:30.786Z",
      "user": 1,
      "content_type": 3,
      "object_id": "14",
      "object_repr": "michaelababao200@gmail.com - 2132132",
      "action_flag": 3,
      "change_message": ""
    }
  },
  {
    "model": "admin.logentry",
    "pk": 2,
    "fields": {
      "action_time": "2020-10-15T15:09:30.800Z",
      "user": 1,
      "content_type": 3,
      "object_id": "13",
      "object_repr": "michaelababao200@gmail.com - eqweqwewqe",
      "action_flag": 3,
      "change_message": ""
    }
  },
  {
    "model": "admin.logentry",
    "pk": 3,
    "fields": {
      "action_time": "2020-10-15T15:09:30.812Z",
      "user": 1,
      "content_type": 3,
      "object_id": "12",
      "object_repr": "michaelababao200@gmail.com - wqeqweqwe",
      "action_flag": 3,
      "change_message": ""
    }
  },
  {
    "model": "admin.logentry",
    "pk": 4,
    "fields": {
      "action_time": "2020-10-15T15:09:30.822Z",
      "user": 1,
      "content_type": 3,
      "object_id": "11",
      "object_repr": "michaelababao200@gmail.com - xxwqeweqwe",
      "action_flag": 3,
      "change_message": ""
    }
  },
  {
    "model": "admin.logentry",
    "pk": 5,
    "fields": {
      "action_time": "2020-10-15T15:09:30.834Z",
      "user": 1,
      "content_type": 3,
      "object_id": "10",
      "object_repr": "michaelababao200@gmail.com - testemail",
      "action_flag": 3,
      "change_message": ""
    }
  },
  {
    "model": "admin.logentry",
    "pk": 6,
    "fields": {
      "action_time": "2020-10-15T15:09:30.845Z",
      "user": 1,
      "content_type": 3,
      "object_id": "9",
      "object_repr": "michaelababao200@gmail.com - qwe123456",
      "action_flag": 3,
      "change_message": ""
    }
  },
  {
    "model": "admin.logentry",
    "pk": 7,
    "fields": {
      "action_time": "2020-10-15T15:09:30.856Z",
      "user": 1,
      "content_type": 3,
      "object_id": "8",
      "object_repr": "michaelababao200@gmail.com - qwe12345",
      "action_flag": 3,
      "change_message": ""
    }
  },
  {
    "model": "admin.logentry",
    "pk": 8,
    "fields": {
      "action_time": "2020-10-15T15:09:30.867Z",
      "user": 1,
      "content_type": 3,
      "object_id": "7",
      "object_repr": "michaelababao200@gmail.com - qwezxczxc",
      "action_flag": 3,
      "change_message": ""
    }
  },
  {
    "model": "admin.logentry",
    "pk": 9,
    "fields": {
      "action_time": "2020-10-15T15:09:30.878Z",
      "user": 1,
      "content_type": 3,
      "object_id": "6",
      "object_repr": "michaelababao200@gmail.com - testtesttest",
      "action_flag": 3,
      "change_message": ""
    }
  },
  {
    "model": "admin.logentry",
    "pk": 10,
    "fields": {
      "action_time": "2020-10-15T15:18:46.102Z",
      "user": 1,
      "content_type": 4,
      "object_id": "1",
      "object_repr": "Recruitment System",
      "action_flag": 1,
      "change_message": "[{\"added\": {}}]"
    }
  },
  {
    "model": "admin.logentry",
    "pk": 11,
    "fields": {
      "action_time": "2020-10-15T15:19:44.091Z",
      "user": 1,
      "content_type": 4,
      "object_id": "2",
      "object_repr": "Document Management",
      "action_flag": 1,
      "change_message": "[{\"added\": {}}]"
    }
  },
  {
    "model": "admin.logentry",
    "pk": 12,
    "fields": {
      "action_time": "2020-10-15T15:20:34.121Z",
      "user": 1,
      "content_type": 4,
      "object_id": "3",
      "object_repr": "Daily Task",
      "action_flag": 1,
      "change_message": "[{\"added\": {}}]"
    }
  },
  {
    "model": "admin.logentry",
    "pk": 13,
    "fields": {
      "action_time": "2020-10-15T15:21:20.276Z",
      "user": 1,
      "content_type": 4,
      "object_id": "4",
      "object_repr": "Qoute Generator",
      "action_flag": 1,
      "change_message": "[{\"added\": {}}]"
    }
  },
  {
    "model": "admin.logentry",
    "pk": 14,
    "fields": {
      "action_time": "2020-10-15T15:22:00.759Z",
      "user": 1,
      "content_type": 4,
      "object_id": "5",
      "object_repr": "Inventory Management System",
      "action_flag": 1,
      "change_message": "[{\"added\": {}}]"
    }
  },
  {
    "model": "admin.logentry",
    "pk": 15,
    "fields": {
      "action_time": "2020-10-15T15:22:57.114Z",
      "user": 1,
      "content_type": 4,
      "object_id": "6",
      "object_repr": "Find my mother",
      "action_flag": 1,
      "change_message": "[{\"added\": {}}]"
    }
  },
  {
    "model": "admin.logentry",
    "pk": 16,
    "fields": {
      "action_time": "2020-10-15T15:23:53.191Z",
      "user": 1,
      "content_type": 4,
      "object_id": "7",
      "object_repr": "Covid Appointment",
      "action_flag": 1,
      "change_message": "[{\"added\": {}}]"
    }
  },
  {
    "model": "admin.logentry",
    "pk": 17,
    "fields": {
      "action_time": "2020-10-15T15:25:12.420Z",
      "user": 1,
      "content_type": 4,
      "object_id": "8",
      "object_repr": "Mini Instagram",
      "action_flag": 1,
      "change_message": "[{\"added\": {}}]"
    }
  },
  {
    "model": "admin.logentry",
    "pk": 18,
    "fields": {
      "action_time": "2020-10-15T15:38:59.107Z",
      "user": 1,
      "content_type": 4,
      "object_id": "1",
      "object_repr": "Recruitment System",
      "action_flag": 2,
      "change_message": "[{\"changed\": {\"fields\": [\"Description\"]}}]"
    }
  },
  {
    "model": "admin.logentry",
    "pk": 19,
    "fields": {
      "action_time": "2020-10-15T15:49:12.503Z",
      "user": 1,
      "content_type": 4,
      "object_id": "2",
      "object_repr": "Document Management",
      "action_flag": 2,
      "change_message": "[{\"changed\": {\"fields\": [\"Description\"]}}]"
    }
  },
  {
    "model": "admin.logentry",
    "pk": 20,
    "fields": {
      "action_time": "2020-10-15T15:52:35.944Z",
      "user": 1,
      "content_type": 4,
      "object_id": "3",
      "object_repr": "Daily Task",
      "action_flag": 2,
      "change_message": "[{\"changed\": {\"fields\": [\"Description\"]}}]"
    }
  },
  {
    "model": "admin.logentry",
    "pk": 21,
    "fields": {
      "action_time": "2020-10-15T15:52:53.636Z",
      "user": 1,
      "content_type": 4,
      "object_id": "3",
      "object_repr": "Daily Task",
      "action_flag": 2,
      "change_message": "[{\"changed\": {\"fields\": [\"Description\"]}}]"
    }
  },
  {
    "model": "admin.logentry",
    "pk": 22,
    "fields": {
      "action_time": "2020-10-15T15:54:57.104Z",
      "user": 1,
      "content_type": 4,
      "object_id": "4",
      "object_repr": "Qoute Generator",
      "action_flag": 2,
      "change_message": "[{\"changed\": {\"fields\": [\"Description\"]}}]"
    }
  },
  {
    "model": "admin.logentry",
    "pk": 23,
    "fields": {
      "action_time": "2020-10-15T15:57:47.876Z",
      "user": 1,
      "content_type": 4,
      "object_id": "5",
      "object_repr": "Inventory Management System",
      "action_flag": 2,
      "change_message": "[{\"changed\": {\"fields\": [\"Description\"]}}]"
    }
  },
  {
    "model": "admin.logentry",
    "pk": 24,
    "fields": {
      "action_time": "2020-10-15T16:05:24.912Z",
      "user": 1,
      "content_type": 4,
      "object_id": "6",
      "object_repr": "Find my mother",
      "action_flag": 2,
      "change_message": "[{\"changed\": {\"fields\": [\"Description\"]}}]"
    }
  },
  {
    "model": "admin.logentry",
    "pk": 25,
    "fields": {
      "action_time": "2020-10-15T16:09:58.347Z",
      "user": 1,
      "content_type": 4,
      "object_id": "7",
      "object_repr": "Covid Appointment",
      "action_flag": 2,
      "change_message": "[{\"changed\": {\"fields\": [\"Description\"]}}]"
    }
  },
  {
    "model": "admin.logentry",
    "pk": 26,
    "fields": {
      "action_time": "2020-10-15T16:10:53.228Z",
      "user": 1,
      "content_type": 4,
      "object_id": "8",
      "object_repr": "Mini Instagram",
      "action_flag": 2,
      "change_message": "[{\"changed\": {\"fields\": [\"Description\"]}}]"
    }
  },
  {
    "model": "admin.logentry",
    "pk": 27,
    "fields": {
      "action_time": "2020-10-15T16:16:12.954Z",
      "user": 1,
      "content_type": 2,
      "object_id": "3",
      "object_repr": "PYTHON DEVELOPER - Valens-Research",
      "action_flag": 1,
      "change_message": "[{\"added\": {}}]"
    }
  },
  {
    "model": "admin.logentry",
    "pk": 28,
    "fields": {
      "action_time": "2020-10-15T16:16:25.218Z",
      "user": 1,
      "content_type": 2,
      "object_id": "2",
      "object_repr": "TECHNICAL SUPPORT - New Hatchin Trading Corporation",
      "action_flag": 2,
      "change_message": "[{\"changed\": {\"fields\": [\"Ordering\"]}}]"
    }
  },
  {
    "model": "admin.logentry",
    "pk": 29,
    "fields": {
      "action_time": "2020-10-15T16:16:29.819Z",
      "user": 1,
      "content_type": 2,
      "object_id": "1",
      "object_repr": "PROGRAMMER - Halcyon Marine Healthcare Systems",
      "action_flag": 2,
      "change_message": "[{\"changed\": {\"fields\": [\"Ordering\"]}}]"
    }
  },
  {
    "model": "admin.logentry",
    "pk": 30,
    "fields": {
      "action_time": "2020-10-15T16:16:40.876Z",
      "user": 1,
      "content_type": 2,
      "object_id": "3",
      "object_repr": "PYTHON DEVELOPER - Valens-Research",
      "action_flag": 2,
      "change_message": "[{\"changed\": {\"fields\": [\"Ordering\"]}}]"
    }
  },
  {
    "model": "admin.logentry",
    "pk": 31,
    "fields": {
      "action_time": "2020-10-15T16:16:44.284Z",
      "user": 1,
      "content_type": 2,
      "object_id": "2",
      "object_repr": "TECHNICAL SUPPORT - New Hatchin Trading Corporation",
      "action_flag": 2,
      "change_message": "[{\"changed\": {\"fields\": [\"Ordering\"]}}]"
    }
  },
  {
    "model": "admin.logentry",
    "pk": 32,
    "fields": {
      "action_time": "2020-10-15T16:17:06.050Z",
      "user": 1,
      "content_type": 6,
      "object_id": "7",
      "object_repr": "Develop new API endpoints.",
      "action_flag": 1,
      "change_message": "[{\"added\": {}}]"
    }
  },
  {
    "model": "admin.logentry",
    "pk": 33,
    "fields": {
      "action_time": "2020-10-15T16:17:20.993Z",
      "user": 1,
      "content_type": 6,
      "object_id": "8",
      "object_repr": "Monitor AWS servers.",
      "action_flag": 1,
      "change_message": "[{\"added\": {}}]"
    }
  },
  {
    "model": "admin.logentry",
    "pk": 34,
    "fields": {
      "action_time": "2020-10-15T16:17:25.181Z",
      "user": 1,
      "content_type": 2,
      "object_id": "3",
      "object_repr": "PYTHON DEVELOPER - Valens-Research",
      "action_flag": 2,
      "change_message": "[{\"added\": {\"name\": \"job experience task\", \"object\": \"JobExperienceTask object (8)\"}}, {\"added\": {\"name\": \"job experience task\", \"object\": \"JobExperienceTask object (9)\"}}, {\"added\": {\"name\": \"job experience task\", \"object\": \"JobExperienceTask object (10)\"}}]"
    }
  },
  {
    "model": "auth.permission",
    "pk": 1,
    "fields": {
      "name": "Can add about",
      "content_type": 1,
      "codename": "add_about"
    }
  },
  {
    "model": "auth.permission",
    "pk": 2,
    "fields": {
      "name": "Can change about",
      "content_type": 1,
      "codename": "change_about"
    }
  },
  {
    "model": "auth.permission",
    "pk": 3,
    "fields": {
      "name": "Can delete about",
      "content_type": 1,
      "codename": "delete_about"
    }
  },
  {
    "model": "auth.permission",
    "pk": 4,
    "fields": {
      "name": "Can view about",
      "content_type": 1,
      "codename": "view_about"
    }
  },
  {
    "model": "auth.permission",
    "pk": 5,
    "fields": {
      "name": "Can add job experience",
      "content_type": 2,
      "codename": "add_jobexperience"
    }
  },
  {
    "model": "auth.permission",
    "pk": 6,
    "fields": {
      "name": "Can change job experience",
      "content_type": 2,
      "codename": "change_jobexperience"
    }
  },
  {
    "model": "auth.permission",
    "pk": 7,
    "fields": {
      "name": "Can delete job experience",
      "content_type": 2,
      "codename": "delete_jobexperience"
    }
  },
  {
    "model": "auth.permission",
    "pk": 8,
    "fields": {
      "name": "Can view job experience",
      "content_type": 2,
      "codename": "view_jobexperience"
    }
  },
  {
    "model": "auth.permission",
    "pk": 9,
    "fields": {
      "name": "Can add message",
      "content_type": 3,
      "codename": "add_message"
    }
  },
  {
    "model": "auth.permission",
    "pk": 10,
    "fields": {
      "name": "Can change message",
      "content_type": 3,
      "codename": "change_message"
    }
  },
  {
    "model": "auth.permission",
    "pk": 11,
    "fields": {
      "name": "Can delete message",
      "content_type": 3,
      "codename": "delete_message"
    }
  },
  {
    "model": "auth.permission",
    "pk": 12,
    "fields": {
      "name": "Can view message",
      "content_type": 3,
      "codename": "view_message"
    }
  },
  {
    "model": "auth.permission",
    "pk": 13,
    "fields": {
      "name": "Can add project",
      "content_type": 4,
      "codename": "add_project"
    }
  },
  {
    "model": "auth.permission",
    "pk": 14,
    "fields": {
      "name": "Can change project",
      "content_type": 4,
      "codename": "change_project"
    }
  },
  {
    "model": "auth.permission",
    "pk": 15,
    "fields": {
      "name": "Can delete project",
      "content_type": 4,
      "codename": "delete_project"
    }
  },
  {
    "model": "auth.permission",
    "pk": 16,
    "fields": {
      "name": "Can view project",
      "content_type": 4,
      "codename": "view_project"
    }
  },
  {
    "model": "auth.permission",
    "pk": 17,
    "fields": {
      "name": "Can add skill",
      "content_type": 5,
      "codename": "add_skill"
    }
  },
  {
    "model": "auth.permission",
    "pk": 18,
    "fields": {
      "name": "Can change skill",
      "content_type": 5,
      "codename": "change_skill"
    }
  },
  {
    "model": "auth.permission",
    "pk": 19,
    "fields": {
      "name": "Can delete skill",
      "content_type": 5,
      "codename": "delete_skill"
    }
  },
  {
    "model": "auth.permission",
    "pk": 20,
    "fields": {
      "name": "Can view skill",
      "content_type": 5,
      "codename": "view_skill"
    }
  },
  {
    "model": "auth.permission",
    "pk": 21,
    "fields": {
      "name": "Can add task",
      "content_type": 6,
      "codename": "add_task"
    }
  },
  {
    "model": "auth.permission",
    "pk": 22,
    "fields": {
      "name": "Can change task",
      "content_type": 6,
      "codename": "change_task"
    }
  },
  {
    "model": "auth.permission",
    "pk": 23,
    "fields": {
      "name": "Can delete task",
      "content_type": 6,
      "codename": "delete_task"
    }
  },
  {
    "model": "auth.permission",
    "pk": 24,
    "fields": {
      "name": "Can view task",
      "content_type": 6,
      "codename": "view_task"
    }
  },
  {
    "model": "auth.permission",
    "pk": 25,
    "fields": {
      "name": "Can add project image",
      "content_type": 7,
      "codename": "add_projectimage"
    }
  },
  {
    "model": "auth.permission",
    "pk": 26,
    "fields": {
      "name": "Can change project image",
      "content_type": 7,
      "codename": "change_projectimage"
    }
  },
  {
    "model": "auth.permission",
    "pk": 27,
    "fields": {
      "name": "Can delete project image",
      "content_type": 7,
      "codename": "delete_projectimage"
    }
  },
  {
    "model": "auth.permission",
    "pk": 28,
    "fields": {
      "name": "Can view project image",
      "content_type": 7,
      "codename": "view_projectimage"
    }
  },
  {
    "model": "auth.permission",
    "pk": 29,
    "fields": {
      "name": "Can add job experience task",
      "content_type": 8,
      "codename": "add_jobexperiencetask"
    }
  },
  {
    "model": "auth.permission",
    "pk": 30,
    "fields": {
      "name": "Can change job experience task",
      "content_type": 8,
      "codename": "change_jobexperiencetask"
    }
  },
  {
    "model": "auth.permission",
    "pk": 31,
    "fields": {
      "name": "Can delete job experience task",
      "content_type": 8,
      "codename": "delete_jobexperiencetask"
    }
  },
  {
    "model": "auth.permission",
    "pk": 32,
    "fields": {
      "name": "Can view job experience task",
      "content_type": 8,
      "codename": "view_jobexperiencetask"
    }
  },
  {
    "model": "auth.permission",
    "pk": 33,
    "fields": {
      "name": "Can add log entry",
      "content_type": 9,
      "codename": "add_logentry"
    }
  },
  {
    "model": "auth.permission",
    "pk": 34,
    "fields": {
      "name": "Can change log entry",
      "content_type": 9,
      "codename": "change_logentry"
    }
  },
  {
    "model": "auth.permission",
    "pk": 35,
    "fields": {
      "name": "Can delete log entry",
      "content_type": 9,
      "codename": "delete_logentry"
    }
  },
  {
    "model": "auth.permission",
    "pk": 36,
    "fields": {
      "name": "Can view log entry",
      "content_type": 9,
      "codename": "view_logentry"
    }
  },
  {
    "model": "auth.permission",
    "pk": 37,
    "fields": {
      "name": "Can add permission",
      "content_type": 10,
      "codename": "add_permission"
    }
  },
  {
    "model": "auth.permission",
    "pk": 38,
    "fields": {
      "name": "Can change permission",
      "content_type": 10,
      "codename": "change_permission"
    }
  },
  {
    "model": "auth.permission",
    "pk": 39,
    "fields": {
      "name": "Can delete permission",
      "content_type": 10,
      "codename": "delete_permission"
    }
  },
  {
    "model": "auth.permission",
    "pk": 40,
    "fields": {
      "name": "Can view permission",
      "content_type": 10,
      "codename": "view_permission"
    }
  },
  {
    "model": "auth.permission",
    "pk": 41,
    "fields": {
      "name": "Can add group",
      "content_type": 11,
      "codename": "add_group"
    }
  },
  {
    "model": "auth.permission",
    "pk": 42,
    "fields": {
      "name": "Can change group",
      "content_type": 11,
      "codename": "change_group"
    }
  },
  {
    "model": "auth.permission",
    "pk": 43,
    "fields": {
      "name": "Can delete group",
      "content_type": 11,
      "codename": "delete_group"
    }
  },
  {
    "model": "auth.permission",
    "pk": 44,
    "fields": {
      "name": "Can view group",
      "content_type": 11,
      "codename": "view_group"
    }
  },
  {
    "model": "auth.permission",
    "pk": 45,
    "fields": {
      "name": "Can add user",
      "content_type": 12,
      "codename": "add_user"
    }
  },
  {
    "model": "auth.permission",
    "pk": 46,
    "fields": {
      "name": "Can change user",
      "content_type": 12,
      "codename": "change_user"
    }
  },
  {
    "model": "auth.permission",
    "pk": 47,
    "fields": {
      "name": "Can delete user",
      "content_type": 12,
      "codename": "delete_user"
    }
  },
  {
    "model": "auth.permission",
    "pk": 48,
    "fields": {
      "name": "Can view user",
      "content_type": 12,
      "codename": "view_user"
    }
  },
  {
    "model": "auth.permission",
    "pk": 49,
    "fields": {
      "name": "Can add content type",
      "content_type": 13,
      "codename": "add_contenttype"
    }
  },
  {
    "model": "auth.permission",
    "pk": 50,
    "fields": {
      "name": "Can change content type",
      "content_type": 13,
      "codename": "change_contenttype"
    }
  },
  {
    "model": "auth.permission",
    "pk": 51,
    "fields": {
      "name": "Can delete content type",
      "content_type": 13,
      "codename": "delete_contenttype"
    }
  },
  {
    "model": "auth.permission",
    "pk": 52,
    "fields": {
      "name": "Can view content type",
      "content_type": 13,
      "codename": "view_contenttype"
    }
  },
  {
    "model": "auth.permission",
    "pk": 53,
    "fields": {
      "name": "Can add session",
      "content_type": 14,
      "codename": "add_session"
    }
  },
  {
    "model": "auth.permission",
    "pk": 54,
    "fields": {
      "name": "Can change session",
      "content_type": 14,
      "codename": "change_session"
    }
  },
  {
    "model": "auth.permission",
    "pk": 55,
    "fields": {
      "name": "Can delete session",
      "content_type": 14,
      "codename": "delete_session"
    }
  },
  {
    "model": "auth.permission",
    "pk": 56,
    "fields": {
      "name": "Can view session",
      "content_type": 14,
      "codename": "view_session"
    }
  },
  {
    "model": "auth.user",
    "pk": 1,
    "fields": {
      "password": "pbkdf2_sha256$216000$FLK4mXgbZOuZ$P4S7PQJeTydutowMmRo8wLOIkAn5vBIbPWzqSezp/ws=",
      "last_login": "2020-10-15T15:08:42.190Z",
      "is_superuser": true,
      "username": "michaelababao200@gmail.com",
      "first_name": "",
      "last_name": "",
      "email": "michaelababao200@gmail.com",
      "is_staff": true,
      "is_active": true,
      "date_joined": "2020-10-15T15:08:14.825Z",
      "groups": [],
      "user_permissions": []
    }
  },
  {
    "model": "contenttypes.contenttype",
    "pk": 1,
    "fields": {
      "app_label": "portfolio",
      "model": "about"
    }
  },
  {
    "model": "contenttypes.contenttype",
    "pk": 2,
    "fields": {
      "app_label": "portfolio",
      "model": "jobexperience"
    }
  },
  {
    "model": "contenttypes.contenttype",
    "pk": 3,
    "fields": {
      "app_label": "portfolio",
      "model": "message"
    }
  },
  {
    "model": "contenttypes.contenttype",
    "pk": 4,
    "fields": {
      "app_label": "portfolio",
      "model": "project"
    }
  },
  {
    "model": "contenttypes.contenttype",
    "pk": 5,
    "fields": {
      "app_label": "portfolio",
      "model": "skill"
    }
  },
  {
    "model": "contenttypes.contenttype",
    "pk": 6,
    "fields": {
      "app_label": "portfolio",
      "model": "task"
    }
  },
  {
    "model": "contenttypes.contenttype",
    "pk": 7,
    "fields": {
      "app_label": "portfolio",
      "model": "projectimage"
    }
  },
  {
    "model": "contenttypes.contenttype",
    "pk": 8,
    "fields": {
      "app_label": "portfolio",
      "model": "jobexperiencetask"
    }
  },
  {
    "model": "contenttypes.contenttype",
    "pk": 9,
    "fields": {
      "app_label": "admin",
      "model": "logentry"
    }
  },
  {
    "model": "contenttypes.contenttype",
    "pk": 10,
    "fields": {
      "app_label": "auth",
      "model": "permission"
    }
  },
  {
    "model": "contenttypes.contenttype",
    "pk": 11,
    "fields": {
      "app_label": "auth",
      "model": "group"
    }
  },
  {
    "model": "contenttypes.contenttype",
    "pk": 12,
    "fields": {
      "app_label": "auth",
      "model": "user"
    }
  },
  {
    "model": "contenttypes.contenttype",
    "pk": 13,
    "fields": {
      "app_label": "contenttypes",
      "model": "contenttype"
    }
  },
  {
    "model": "contenttypes.contenttype",
    "pk": 14,
    "fields": {
      "app_label": "sessions",
      "model": "session"
    }
  },
  {
    "model": "sessions.session",
    "pk": "1urrpbz4y9bclr9t5xak204mfctcch77",
    "fields": {
      "session_data": ".eJxVjEEOwiAQAP_C2RCWFrr16L1vIMuySNW0SWlPxr8bkh70OjOZtwp07CUcVbYwJ3VVoC6_LBI_ZWkiPWi5r5rXZd_mqFuiT1v1tCZ53c72b1ColrZFdOQQejYCFBGTYdNHL7mTDsEMggO7LorACMTWOrKGDGSfR2KP6vMF1m83wA:1kT4ry:1WFXS8uSN-IFaZFc5eI3cAfU9MeaD2Go_NbAHb_NQ88",
      "expire_date": "2020-10-29T15:08:42.201Z"
    }
  }
]