[
  {
    "model": "portfolio.about",
    "pk": 1,
    "fields": {
      "name": "full_name",
      "value": "Michael Ababao",
      "created_at": "2020-10-14T08:21:56.573Z"
    }
  },
  {
    "model": "portfolio.about",
    "pk": 2,
    "fields": {
      "name": "job_title",
      "value": "Web Developer / Freelancer",
      "created_at": "2020-10-14T08:22:26.805Z"
    }
  },
  {
    "model": "portfolio.about",
    "pk": 3,
    "fields": {
      "name": "birthdate",
      "value": "Nov 30, 1993",
      "created_at": "2020-10-14T08:22:52.052Z"
    }
  },
  {
    "model": "portfolio.about",
    "pk": 5,
    "fields": {
      "name": "city",
      "value": "Makati",
      "created_at": "2020-10-14T08:23:40.260Z"
    }
  },
  {
    "model": "portfolio.about",
    "pk": 6,
    "fields": {
      "name": "degree",
      "value": "Bachelors",
      "created_at": "2020-10-14T08:23:48.900Z"
    }
  },
  {
    "model": "portfolio.about",
    "pk": 7,
    "fields": {
      "name": "description",
      "value": "Graduate of Bachelor of Science in Information Technology at STI College Makati. I started Web Development on 2016 and continously building up my skills as a Web Developer to keep up with the growth of technology. Always been excited working on a project cause I feel like I am always learning something new.",
      "created_at": "2020-10-14T08:24:08.508Z"
    }
  },
  {
    "model": "portfolio.about",
    "pk": 8,
    "fields": {
      "name": "linkedin_url",
      "value": "https://www.linkedin.com/in/michael-jay-ababao-3518b0162/",
      "created_at": "2020-10-14T08:45:37.164Z"
    }
  },
  {
    "model": "portfolio.about",
    "pk": 9,
    "fields": {
      "name": "github_url",
      "value": "https://github.com/aceaceace30",
      "created_at": "2020-10-14T08:45:46.663Z"
    }
  },
  {
    "model": "portfolio.about",
    "pk": 10,
    "fields": {
      "name": "summary",
      "value": "2+ years of experience with Web Development and has a strong background of different business process.",
      "created_at": "2020-10-14T08:50:41.204Z"
    }
  },
  {
    "model": "portfolio.about",
    "pk": 11,
    "fields": {
      "name": "address",
      "value": "Novaliches Street, Makati City",
      "created_at": "2020-10-14T08:50:49.076Z"
    }
  },
  {
    "model": "portfolio.about",
    "pk": 12,
    "fields": {
      "name": "mobile_no",
      "value": "+639052950486",
      "created_at": "2020-10-14T08:51:01.059Z"
    }
  },
  {
    "model": "portfolio.about",
    "pk": 13,
    "fields": {
      "name": "email",
      "value": "michaelababao200@gmail.com",
      "created_at": "2020-10-14T08:51:04.500Z"
    }
  },
  {
    "model": "portfolio.skill",
    "pk": 1,
    "fields": {
      "name": "HTML",
      "value": "95",
      "ordering": 1,
      "active": true,
      "created_at": "2020-10-14T08:54:29.518Z"
    }
  },
  {
    "model": "portfolio.skill",
    "pk": 2,
    "fields": {
      "name": "CSS",
      "value": "75",
      "ordering": 2,
      "active": true,
      "created_at": "2020-10-14T08:54:38.331Z"
    }
  },
  {
    "model": "portfolio.skill",
    "pk": 3,
    "fields": {
      "name": "JAVASCRIPT",
      "value": "80",
      "ordering": 3,
      "active": true,
      "created_at": "2020-10-14T08:54:58.364Z"
    }
  },
  {
    "model": "portfolio.skill",
    "pk": 4,
    "fields": {
      "name": "JQUERY",
      "value": "75",
      "ordering": 4,
      "active": true,
      "created_at": "2020-10-14T08:55:09.421Z"
    }
  },
  {
    "model": "portfolio.skill",
    "pk": 5,
    "fields": {
      "name": "PYTHON",
      "value": "90",
      "ordering": 5,
      "active": true,
      "created_at": "2020-10-14T08:55:15.765Z"
    }
  },
  {
    "model": "portfolio.skill",
    "pk": 6,
    "fields": {
      "name": "PHP",
      "value": "70",
      "ordering": 6,
      "active": true,
      "created_at": "2020-10-14T08:55:24.982Z"
    }
  },
  {
    "model": "portfolio.skill",
    "pk": 7,
    "fields": {
      "name": "GIT",
      "value": "90",
      "ordering": 7,
      "active": true,
      "created_at": "2020-10-14T08:55:32.767Z"
    }
  },
  {
    "model": "portfolio.skill",
    "pk": 8,
    "fields": {
      "name": "DJANGO",
      "value": "85",
      "ordering": 8,
      "active": true,
      "created_at": "2020-10-14T08:55:40.685Z"
    }
  },
  {
    "model": "portfolio.skill",
    "pk": 9,
    "fields": {
      "name": "LARAVEL",
      "value": "60",
      "ordering": 9,
      "active": true,
      "created_at": "2020-10-14T08:55:48.797Z"
    }
  },
  {
    "model": "portfolio.skill",
    "pk": 10,
    "fields": {
      "name": "BOOTSTRAP",
      "value": "80",
      "ordering": 10,
      "active": true,
      "created_at": "2020-10-14T08:55:55.373Z"
    }
  },
  {
    "model": "portfolio.skill",
    "pk": 11,
    "fields": {
      "name": "LINUX ADMINISTRATION",
      "value": "60",
      "ordering": 11,
      "active": true,
      "created_at": "2020-10-14T08:56:05.828Z"
    }
  },
  {
    "model": "portfolio.skill",
    "pk": 12,
    "fields": {
      "name": "WORDPRESS",
      "value": "40",
      "ordering": 12,
      "active": true,
      "created_at": "2020-10-14T08:56:15.191Z"
    }
  },
  {
    "model": "portfolio.skill",
    "pk": 13,
    "fields": {
      "name": "CELERY(PYTHON)",
      "value": "60",
      "ordering": 13,
      "active": true,
      "created_at": "2020-10-14T09:22:50.708Z"
    }
  },
  {
    "model": "portfolio.skill",
    "pk": 14,
    "fields": {
      "name": "AWS",
      "value": "50",
      "ordering": 14,
      "active": true,
      "created_at": "2020-10-14T09:23:31.750Z"
    }
  },
  {
    "model": "portfolio.task",
    "pk": 1,
    "fields": {
      "description": "Develops required web applications needed.",
      "active": true,
      "created_at": "2020-10-14T09:26:06.042Z"
    }
  },
  {
    "model": "portfolio.task",
    "pk": 2,
    "fields": {
      "description": "Maintains and extend current web applications used.",
      "active": true,
      "created_at": "2020-10-14T09:26:09.835Z"
    }
  },
  {
    "model": "portfolio.task",
    "pk": 3,
    "fields": {
      "description": "Creates complex reports and statistics based on client needs.",
      "active": true,
      "created_at": "2020-10-14T09:26:14.339Z"
    }
  },
  {
    "model": "portfolio.task",
    "pk": 4,
    "fields": {
      "description": "Provides technical support for software and hardware used by the organization.",
      "active": true,
      "created_at": "2020-10-14T09:26:26.482Z"
    }
  },
  {
    "model": "portfolio.task",
    "pk": 5,
    "fields": {
      "description": "Maintains 3rd party softwares.",
      "active": true,
      "created_at": "2020-10-14T09:26:37.818Z"
    }
  },
  {
    "model": "portfolio.task",
    "pk": 6,
    "fields": {
      "description": "Performs timely hardware and software upgrades as required.",
      "active": true,
      "created_at": "2020-10-14T09:26:44.129Z"
    }
  },
  {
    "model": "portfolio.jobexperience",
    "pk": 1,
    "fields": {
      "job_title": "PROGRAMMER",
      "company": "Halcyon Marine Healthcare Systems",
      "duration": "January 2019 - Present",
      "ordering": 1,
      "active": true,
      "created_at": "2020-10-14T09:28:36.841Z"
    }
  },
  {
    "model": "portfolio.jobexperience",
    "pk": 2,
    "fields": {
      "job_title": "TECHNICAL SUPPORT",
      "company": "New Hatchin Trading Corporation",
      "duration": "May 2018 - December 2018",
      "ordering": 2,
      "active": true,
      "created_at": "2020-10-14T09:29:26.912Z"
    }
  },
  {
    "model": "portfolio.jobexperiencetask",
    "pk": 1,
    "fields": {
      "job_experience": 2,
      "task": 1
    }
  },
  {
    "model": "portfolio.jobexperiencetask",
    "pk": 2,
    "fields": {
      "job_experience": 2,
      "task": 2
    }
  },
  {
    "model": "portfolio.jobexperiencetask",
    "pk": 3,
    "fields": {
      "job_experience": 2,
      "task": 3
    }
  },
  {
    "model": "portfolio.jobexperiencetask",
    "pk": 4,
    "fields": {
      "job_experience": 1,
      "task": 4
    }
  },
  {
    "model": "portfolio.jobexperiencetask",
    "pk": 5,
    "fields": {
      "job_experience": 1,
      "task": 1
    }
  },
  {
    "model": "portfolio.jobexperiencetask",
    "pk": 6,
    "fields": {
      "job_experience": 1,
      "task": 5
    }
  },
  {
    "model": "portfolio.jobexperiencetask",
    "pk": 7,
    "fields": {
      "job_experience": 1,
      "task": 6
    }
  },
  {
    "model": "portfolio.message",
    "pk": 6,
    "fields": {
      "name": "testtest",
      "email": "michaelababao200@gmail.com",
      "subject": "testtesttest",
      "message": "testtesttest",
      "created_at": "2020-10-15T01:51:23.328Z"
    }
  },
  {
    "model": "portfolio.message",
    "pk": 7,
    "fields": {
      "name": "qwezxczxc",
      "email": "michaelababao200@gmail.com",
      "subject": "qwezxczxc",
      "message": "qwezxczxcqwezxczxc",
      "created_at": "2020-10-15T01:55:23.798Z"
    }
  },
  {
    "model": "portfolio.message",
    "pk": 8,
    "fields": {
      "name": "qwe12345",
      "email": "michaelababao200@gmail.com",
      "subject": "qwe12345",
      "message": "qwe12345",
      "created_at": "2020-10-15T01:58:22.672Z"
    }
  },
  {
    "model": "portfolio.message",
    "pk": 9,
    "fields": {
      "name": "qwe123456",
      "email": "michaelababao200@gmail.com",
      "subject": "qwe123456",
      "message": "qwe123456",
      "created_at": "2020-10-15T01:58:28.726Z"
    }
  },
  {
    "model": "portfolio.message",
    "pk": 10,
    "fields": {
      "name": "testemail",
      "email": "michaelababao200@gmail.com",
      "subject": "testemail",
      "message": "testemail",
      "created_at": "2020-10-15T02:03:44.591Z"
    }
  },
  {
    "model": "portfolio.message",
    "pk": 11,
    "fields": {
      "name": "qwerty",
      "email": "michaelababao200@gmail.com",
      "subject": "xxwqeweqwe",
      "message": "qweqwewqeqwe",
      "created_at": "2020-10-15T08:59:41.045Z"
    }
  },
  {
    "model": "portfolio.message",
    "pk": 12,
    "fields": {
      "name": "qweeqwe",
      "email": "michaelababao200@gmail.com",
      "subject": "wqeqweqwe",
      "message": "qweweqweqwe",
      "created_at": "2020-10-15T09:00:40.789Z"
    }
  },
  {
    "model": "portfolio.message",
    "pk": 13,
    "fields": {
      "name": "QQW!@!@",
      "email": "michaelababao200@gmail.com",
      "subject": "eqweqwewqe",
      "message": "qwewqewqewe",
      "created_at": "2020-10-15T09:02:15.445Z"
    }
  },
  {
    "model": "portfolio.message",
    "pk": 14,
    "fields": {
      "name": "qwewqewqe",
      "email": "michaelababao200@gmail.com",
      "subject": "2132132",
      "message": "312312312312321",
      "created_at": "2020-10-15T09:05:37.300Z"
    }
  }
]