[{"model": "portfolio.project", "pk": 1, "fields": {"name": "Recruitment System", "slug": "recruitment-system", "description": "<p>A project made for the Human Resource Department to help with:</p>\r\n\r\n<p>- Recruitment process</p>\r\n\r\n<p>- Monitoring of requirements</p>\r\n\r\n<p>- Generation of reports</p>\r\n\r\n<p>- Survey monitoring result</p>\r\n\r\n<p>- Sending of email and SMS notifications</p>\r\n\r\n<p>&nbsp;</p>\r\n\r\n<p>This is my first company project made with Django. I&#39;ve learned a lot about the framework, things&nbsp;like:</p>\r\n\r\n<p>- CBV</p>\r\n\r\n<p>- Django Custom Commands</p>\r\n\r\n<p>- Splitting settings file</p>\r\n\r\n<p>- Different Django Packages</p>\r\n\r\n<p>Deployed in CentOS 6 with Nginx and Gunicorn. Implemented server-side processing for <a href=\"https://datatables.net/\">DataTables </a>for huge amounts of data.</p>", "back_end": "Python 3.6, Django 2.2", "front_end": "Bootstrap 4, Jquery, DataTables", "classification": "company", "git_link": null, "website_link": null, "ordering": 1, "created_at": "2020-10-15T15:18:46.100Z"}}, {"model": "portfolio.project", "pk": 2, "fields": {"name": "Document Management", "slug": "document-management", "description": "<p>Project for the Quality Assurance Department to help manage their daily tasks.</p>\r\n\r\n<p>This project is pretty challenging since it was more on PDF Documents but it was fun since you could automate so much stuff with writing, modifying, and merging PDFs using python.&nbsp;I was exposed to different PDF Libraries available for python like:</p>\r\n\r\n<p>-&nbsp;<a href=\"https://pypi.org/project/reportlab/\">reportlab</a>&nbsp;</p>\r\n\r\n<p>- <a href=\"https://pythonhosted.org/PyPDF2/\">PyPDF2</a></p>\r\n\r\n<p>- <a href=\"https://xhtml2pdf.readthedocs.io/en/latest/format_html.html\">xhtml2pdf</a></p>\r\n\r\n<p>Created an integration with the Internal Chat application(<a href=\"https://rocket.chat/\">Rocketchat</a>) to push notification using their API.</p>", "back_end": "Python 3.6, Django 2.2", "front_end": "Bootstrap 4, Jquery, DataTables", "classification": "company", "git_link": null, "website_link": null, "ordering": 2, "created_at": "2020-10-15T15:19:44.089Z"}}, {"model": "portfolio.project", "pk": 3, "fields": {"name": "Daily Task", "slug": "daily-task", "description": "<p>The project is simply made to track the task of work from home employees during the COVID pandemic.</p>\r\n\r\n<p>Key Features:</p>\r\n\r\n<p>1. CRUD for employees&#39; tasks.</p>\r\n\r\n<p>2. Add attachments for each activity.</p>\r\n\r\n<p>3. Managers can monitor tasks of employees under supervision.</p>\r\n\r\n<p>4. HR Team can monitor&nbsp;the tasks of all employees.</p>\r\n\r\n<p>5. Generate reports with Excel.</p>", "back_end": "Python 3.6, Django 2.2", "front_end": "Bootstrap 4, DataTables", "classification": "company", "git_link": null, "website_link": null, "ordering": 3, "created_at": "2020-10-15T15:20:34.119Z"}}, {"model": "portfolio.project", "pk": 4, "fields": {"name": "Qoute Generator", "slug": "qoute-generator", "description": "<p>Personal project to better understand&nbsp;python&#39;s requests library and manipulating Restful APIs.</p>", "back_end": "Python 3.7, Django 3.0", "front_end": "CSS3", "classification": "personal", "git_link": "https://github.com/aceaceace30/Random-Qoute-Generator", "website_link": "http://aceaceace303030.pythonanywhere.com/", "ordering": 4, "created_at": "2020-10-15T15:21:20.274Z"}}, {"model": "portfolio.project", "pk": 5, "fields": {"name": "Inventory Management System", "slug": "inventory-management-system", "description": "<p>Inventory Management Project for Microsphere Systems Technology.</p>\r\n\r\n<p>This is my second freelance project created with Django, Datatable, and Jquery.</p>\r\n\r\n<p>Key Features:</p>\r\n\r\n<p>1. Management of Computer Inventory.</p>\r\n\r\n<p>2. Historical Data of each row data.</p>\r\n\r\n<p>2. Schedule&nbsp;and monitoring of preventive maintenance.</p>\r\n\r\n<p>3. Web view for clients.</p>\r\n\r\n<p>4. History of changes for units.</p>\r\n\r\n<p>5. Email client notification.</p>\r\n\r\n<p>6. Generation of reports for PDF and Excel.</p>", "back_end": "Python 3.7, Django 2.2", "front_end": "Bootstrap 4, Jquery, DataTables", "classification": "freelance", "git_link": "https://github.com/aceaceace30/microsphere", "website_link": null, "ordering": 5, "created_at": "2020-10-15T15:22:00.757Z"}}, {"model": "portfolio.project", "pk": 6, "fields": {"name": "Find my mother", "slug": "find-my-mother", "description": "<p>I mainly use Bootstrap and jQuery on most of my projects. The reason I&nbsp;made this game is to refresh and be familiarized with Vanilla Javascript syntax since&nbsp;the Bootstrap team&nbsp;announced that they are dropping their support on jQuery for the version 5 release.</p>\r\n\r\n<p>PS: Happy mother&#39;s day to my Mom, You are the best.&nbsp;<img alt=\"heart\" src=\"http://acedev30.pythonanywhere.com/static/ckeditor/ckeditor/plugins/smiley/images/heart.png\" style=\"height:23px; width:23px\" title=\"heart\" /></p>", "back_end": "N/A", "front_end": "Vanilla Javascript", "classification": "personal", "git_link": "https://github.com/aceaceace30/happy-mothers-day", "website_link": "https://happy-mothers-day-mama.000webhostapp.com/", "ordering": 6, "created_at": "2020-10-15T15:22:57.112Z"}}, {"model": "portfolio.project", "pk": 7, "fields": {"name": "Covid Appointment", "slug": "covid-appointment", "description": "<p>Another project made with Django, jQuery, and Bootstrap 4.</p>\r\n\r\n<p>Key Features:</p>\r\n\r\n<p>- Step by step appointment page.</p>\r\n\r\n<p>- Group appointment and client access.</p>\r\n\r\n<p>- Dashboard to list all available appointments.</p>\r\n\r\n<p>- Send encrypted email of test results on PDF.</p>\r\n\r\n<p>- Add test results.</p>\r\n\r\n<p>- Restful API for 3rd party access of data.</p>\r\n\r\n<p>- jQuery date picker and time picker with conditional disable of date and time.</p>", "back_end": "Python 3.6, Django 2.2", "front_end": "Bootstrap 4, Jquery, DataTables", "classification": "company", "git_link": null, "website_link": null, "ordering": 7, "created_at": "2020-10-15T15:23:53.189Z"}}, {"model": "portfolio.project", "pk": 8, "fields": {"name": "Mini Instagram", "slug": "mini-instagram", "description": "<p>Replica of Instagram social media made with PHP and Laravel framework.</p>\r\n\r\n<p>This project is a crash course of <a href=\"https://www.freecodecamp.org/\">freeCodeCamp</a> on Youtube.</p>", "back_end": "PHP, Laravel", "front_end": "Vue.js, Bootstrap 4", "classification": "personal", "git_link": "https://github.com/aceaceace30/Acetagram", "website_link": null, "ordering": 8, "created_at": "2020-10-15T15:25:12.418Z"}}, {"model": "portfolio.project", "pk": 9, "fields": {"name": "Dualmind Academy", "slug": "dualmind-academy", "description": "<p>The Project was made with Django and Bootstrap 4. It&nbsp;was already built when I joined the project.</p>\r\n\r\n<p>I extended the current functionality and refactor some of the codes.</p>\r\n\r\n<p>- Added login feature for student and teacher</p>\r\n\r\n<p>- Added teacher profile feature to add user details</p>\r\n\r\n<p>- Added a new page for the new service offered</p>\r\n\r\n<p>- Updated the old packages and fix bugs that existed on the upgrade</p>\r\n\r\n<p>- Fix the current server set-up to a more manageable and maintainable deployment</p>\r\n\r\n<p>&nbsp;</p>", "back_end": "Python 3.7, Django 3.0", "front_end": "Bootstrap 4, Jquery", "classification": "freelance", "git_link": null, "website_link": null, "ordering": 9, "created_at": "2021-01-22T10:06:52.953Z"}}, {"model": "portfolio.projectimage", "pk": 1, "fields": {"project": 1, "image": "project_images/recruitment.png", "description": "", "is_cover": false, "created_at": "2020-10-15T17:29:32.748Z"}}, {"model": "portfolio.projectimage", "pk": 2, "fields": {"project": 1, "image": "project_images/recruitment2_YYMauDF.png", "description": "", "is_cover": true, "created_at": "2020-10-15T17:34:19.910Z"}}, {"model": "portfolio.projectimage", "pk": 3, "fields": {"project": 1, "image": "project_images/recruitment3_7ZDm3lP.png", "description": "", "is_cover": false, "created_at": "2020-10-15T17:34:19.926Z"}}, {"model": "portfolio.projectimage", "pk": 4, "fields": {"project": 1, "image": "project_images/recruitment4_V2ghSGu.png", "description": "", "is_cover": false, "created_at": "2020-10-15T17:34:19.941Z"}}, {"model": "portfolio.projectimage", "pk": 5, "fields": {"project": 1, "image": "project_images/recruitment5_PJLPFZH.png", "description": "", "is_cover": false, "created_at": "2020-10-15T17:34:19.956Z"}}, {"model": "portfolio.projectimage", "pk": 6, "fields": {"project": 1, "image": "project_images/recruitment6_3CHdCuH.png", "description": "", "is_cover": false, "created_at": "2020-10-15T17:34:19.974Z"}}, {"model": "portfolio.projectimage", "pk": 7, "fields": {"project": 2, "image": "project_images/document-management_w0a4Nfo.png", "description": "", "is_cover": false, "created_at": "2020-10-15T17:46:35.281Z"}}, {"model": "portfolio.projectimage", "pk": 9, "fields": {"project": 2, "image": "project_images/document_management3_vkK9OVz.png", "description": "", "is_cover": false, "created_at": "2020-10-15T17:46:35.334Z"}}, {"model": "portfolio.projectimage", "pk": 10, "fields": {"project": 2, "image": "project_images/document_management4_tolf8zj.png", "description": "", "is_cover": true, "created_at": "2020-10-15T17:46:35.353Z"}}, {"model": "portfolio.projectimage", "pk": 11, "fields": {"project": 2, "image": "project_images/document_management5_AZPa4Lj.png", "description": "", "is_cover": false, "created_at": "2020-10-15T17:46:35.377Z"}}, {"model": "portfolio.projectimage", "pk": 12, "fields": {"project": 3, "image": "project_images/dailytask1.png", "description": "", "is_cover": true, "created_at": "2020-10-15T17:59:53.004Z"}}, {"model": "portfolio.projectimage", "pk": 13, "fields": {"project": 3, "image": "project_images/dailytask2.png", "description": "", "is_cover": false, "created_at": "2020-10-15T17:59:53.030Z"}}, {"model": "portfolio.projectimage", "pk": 14, "fields": {"project": 3, "image": "project_images/dailytask3.png", "description": "", "is_cover": false, "created_at": "2020-10-15T17:59:53.053Z"}}, {"model": "portfolio.projectimage", "pk": 15, "fields": {"project": 3, "image": "project_images/dailytask4.png", "description": "", "is_cover": false, "created_at": "2020-10-15T17:59:53.083Z"}}, {"model": "portfolio.projectimage", "pk": 16, "fields": {"project": 3, "image": "project_images/dailytask5.png", "description": "", "is_cover": false, "created_at": "2020-10-15T17:59:53.099Z"}}, {"model": "portfolio.projectimage", "pk": 17, "fields": {"project": 4, "image": "project_images/qoute-gen.png", "description": "", "is_cover": true, "created_at": "2020-10-15T18:02:49.028Z"}}, {"model": "portfolio.projectimage", "pk": 18, "fields": {"project": 6, "image": "project_images/find_the_mother.png", "description": "", "is_cover": true, "created_at": "2020-10-15T18:13:54.298Z"}}, {"model": "portfolio.projectimage", "pk": 19, "fields": {"project": 7, "image": "project_images/covid1.png", "description": "", "is_cover": true, "created_at": "2020-10-15T18:20:32.559Z"}}, {"model": "portfolio.projectimage", "pk": 20, "fields": {"project": 7, "image": "project_images/covid2_En7xDus.png", "description": "", "is_cover": false, "created_at": "2020-10-15T18:20:32.578Z"}}, {"model": "portfolio.projectimage", "pk": 21, "fields": {"project": 7, "image": "project_images/covid3_iTHpiYM.png", "description": "", "is_cover": false, "created_at": "2020-10-15T18:20:32.604Z"}}, {"model": "portfolio.projectimage", "pk": 22, "fields": {"project": 7, "image": "project_images/covid4_aHY4qUn.png", "description": "", "is_cover": false, "created_at": "2020-10-15T18:20:32.621Z"}}, {"model": "portfolio.projectimage", "pk": 23, "fields": {"project": 7, "image": "project_images/covid5_EbT2X0l.png", "description": "", "is_cover": false, "created_at": "2020-10-15T18:20:32.637Z"}}, {"model": "portfolio.projectimage", "pk": 24, "fields": {"project": 5, "image": "project_images/micro1.png", "description": "", "is_cover": true, "created_at": "2020-10-15T18:52:01.650Z"}}, {"model": "portfolio.projectimage", "pk": 25, "fields": {"project": 5, "image": "project_images/micro2.png", "description": "", "is_cover": false, "created_at": "2020-10-15T18:52:01.699Z"}}, {"model": "portfolio.projectimage", "pk": 26, "fields": {"project": 5, "image": "project_images/micro3.png", "description": "", "is_cover": false, "created_at": "2020-10-15T18:52:01.729Z"}}, {"model": "portfolio.projectimage", "pk": 27, "fields": {"project": 5, "image": "project_images/micro4.png", "description": "", "is_cover": false, "created_at": "2020-10-15T18:52:01.762Z"}}, {"model": "portfolio.projectimage", "pk": 28, "fields": {"project": 5, "image": "project_images/micro5.png", "description": "", "is_cover": false, "created_at": "2020-10-15T18:52:01.789Z"}}, {"model": "portfolio.projectimage", "pk": 29, "fields": {"project": 9, "image": "project_images/dualmind1.png", "description": "", "is_cover": true, "created_at": "2021-01-22T10:06:53.004Z"}}, {"model": "portfolio.projectimage", "pk": 30, "fields": {"project": 9, "image": "project_images/dualmind2.png", "description": "", "is_cover": false, "created_at": "2021-01-22T10:06:53.030Z"}}, {"model": "portfolio.projectimage", "pk": 31, "fields": {"project": 9, "image": "project_images/dualmind3.png", "description": "", "is_cover": false, "created_at": "2021-01-22T10:06:53.049Z"}}, {"model": "portfolio.about", "pk": 1, "fields": {"name": "full_name", "value": "Michael Ababao", "created_at": "2020-10-14T08:21:56.573Z"}}, {"model": "portfolio.about", "pk": 2, "fields": {"name": "job_title", "value": "Web Developer / Freelancer", "created_at": "2020-10-14T08:22:26.805Z"}}, {"model": "portfolio.about", "pk": 3, "fields": {"name": "birthdate", "value": "Nov 30, 1993", "created_at": "2020-10-14T08:22:52.052Z"}}, {"model": "portfolio.about", "pk": 5, "fields": {"name": "city", "value": "Makati", "created_at": "2020-10-14T08:23:40.260Z"}}, {"model": "portfolio.about", "pk": 6, "fields": {"name": "degree", "value": "Bachelors", "created_at": "2020-10-14T08:23:48.900Z"}}, {"model": "portfolio.about", "pk": 7, "fields": {"name": "description", "value": "Graduate of Bachelor of Science in Information Technology at STI College Makati. I started Web Development on 2016 and continously building up my skills as a Web Developer to keep up with the growth of technology. Always been excited working on a project cause I feel like I am always learning something new.", "created_at": "2020-10-14T08:24:08.508Z"}}, {"model": "portfolio.about", "pk": 8, "fields": {"name": "linkedin_url", "value": "https://www.linkedin.com/in/michael-jay-ababao-3518b0162/", "created_at": "2020-10-14T08:45:37.164Z"}}, {"model": "portfolio.about", "pk": 9, "fields": {"name": "github_url", "value": "https://github.com/aceaceace30", "created_at": "2020-10-14T08:45:46.663Z"}}, {"model": "portfolio.about", "pk": 10, "fields": {"name": "summary", "value": "2+ years of experience with Web Development and has a strong background of different business process.", "created_at": "2020-10-14T08:50:41.204Z"}}, {"model": "portfolio.about", "pk": 11, "fields": {"name": "address", "value": "Molave Street, Las Piñas City", "created_at": "2020-10-14T08:50:49.076Z"}}, {"model": "portfolio.about", "pk": 12, "fields": {"name": "mobile_no", "value": "+639156722413", "created_at": "2020-10-14T08:51:01.059Z"}}, {"model": "portfolio.about", "pk": 13, "fields": {"name": "email", "value": "michaelababao200@gmail.com", "created_at": "2020-10-14T08:51:04.500Z"}}, {"model": "portfolio.skill", "pk": 1, "fields": {"name": "HTML", "value": "95", "ordering": 1, "active": true, "created_at": "2020-10-14T08:54:29.518Z"}}, {"model": "portfolio.skill", "pk": 2, "fields": {"name": "CSS", "value": "75", "ordering": 2, "active": true, "created_at": "2020-10-14T08:54:38.331Z"}}, {"model": "portfolio.skill", "pk": 3, "fields": {"name": "JAVASCRIPT", "value": "80", "ordering": 3, "active": true, "created_at": "2020-10-14T08:54:58.364Z"}}, {"model": "portfolio.skill", "pk": 4, "fields": {"name": "JQUERY", "value": "75", "ordering": 4, "active": true, "created_at": "2020-10-14T08:55:09.421Z"}}, {"model": "portfolio.skill", "pk": 5, "fields": {"name": "PYTHON", "value": "90", "ordering": 5, "active": true, "created_at": "2020-10-14T08:55:15.765Z"}}, {"model": "portfolio.skill", "pk": 6, "fields": {"name": "PHP", "value": "70", "ordering": 6, "active": true, "created_at": "2020-10-14T08:55:24.982Z"}}, {"model": "portfolio.skill", "pk": 7, "fields": {"name": "GIT", "value": "90", "ordering": 7, "active": true, "created_at": "2020-10-14T08:55:32.767Z"}}, {"model": "portfolio.skill", "pk": 8, "fields": {"name": "DJANGO", "value": "85", "ordering": 8, "active": true, "created_at": "2020-10-14T08:55:40.685Z"}}, {"model": "portfolio.skill", "pk": 9, "fields": {"name": "LARAVEL", "value": "60", "ordering": 9, "active": true, "created_at": "2020-10-14T08:55:48.797Z"}}, {"model": "portfolio.skill", "pk": 10, "fields": {"name": "BOOTSTRAP", "value": "80", "ordering": 10, "active": true, "created_at": "2020-10-14T08:55:55.373Z"}}, {"model": "portfolio.skill", "pk": 11, "fields": {"name": "LINUX ADMINISTRATION", "value": "60", "ordering": 11, "active": true, "created_at": "2020-10-14T08:56:05.828Z"}}, {"model": "portfolio.skill", "pk": 12, "fields": {"name": "WORDPRESS", "value": "40", "ordering": 12, "active": true, "created_at": "2020-10-14T08:56:15.191Z"}}, {"model": "portfolio.skill", "pk": 13, "fields": {"name": "CELERY(PYTHON)", "value": "60", "ordering": 13, "active": true, "created_at": "2020-10-14T09:22:50.708Z"}}, {"model": "portfolio.skill", "pk": 14, "fields": {"name": "AWS", "value": "50", "ordering": 14, "active": true, "created_at": "2020-10-14T09:23:31.750Z"}}, {"model": "portfolio.task", "pk": 1, "fields": {"description": "Develops required web applications needed.", "active": true, "created_at": "2020-10-14T09:26:06.042Z"}}, {"model": "portfolio.task", "pk": 2, "fields": {"description": "Maintains and extend current web applications used.", "active": true, "created_at": "2020-10-14T09:26:09.835Z"}}, {"model": "portfolio.task", "pk": 3, "fields": {"description": "Creates complex reports and statistics based on client needs.", "active": true, "created_at": "2020-10-14T09:26:14.339Z"}}, {"model": "portfolio.task", "pk": 4, "fields": {"description": "Provides technical support for software and hardware used by the organization.", "active": true, "created_at": "2020-10-14T09:26:26.482Z"}}, {"model": "portfolio.task", "pk": 5, "fields": {"description": "Maintains 3rd party softwares.", "active": true, "created_at": "2020-10-14T09:26:37.818Z"}}, {"model": "portfolio.task", "pk": 6, "fields": {"description": "Performs timely hardware and software upgrades as required.", "active": true, "created_at": "2020-10-14T09:26:44.129Z"}}, {"model": "portfolio.task", "pk": 7, "fields": {"description": "Develop new API endpoints.", "active": true, "created_at": "2020-10-15T16:17:06.048Z"}}, {"model": "portfolio.task", "pk": 8, "fields": {"description": "Monitor AWS servers.", "active": true, "created_at": "2020-10-15T16:17:20.992Z"}}, {"model": "portfolio.jobexperience", "pk": 1, "fields": {"job_title": "PROGRAMMER", "company": "Halcyon Marine Healthcare Systems", "duration": "January 2019 - Present", "ordering": 2, "active": true, "created_at": "2020-10-14T09:28:36.841Z"}}, {"model": "portfolio.jobexperience", "pk": 2, "fields": {"job_title": "TECHNICAL SUPPORT", "company": "New Hatchin Trading Corporation", "duration": "May 2018 - December 2018", "ordering": 3, "active": true, "created_at": "2020-10-14T09:29:26.912Z"}}, {"model": "portfolio.jobexperience", "pk": 3, "fields": {"job_title": "PYTHON DEVELOPER", "company": "Valens-Research", "duration": "July 2020 to Present", "ordering": 1, "active": true, "created_at": "2020-10-15T16:16:12.952Z"}}, {"model": "portfolio.jobexperiencetask", "pk": 1, "fields": {"job_experience": 2, "task": 1}}, {"model": "portfolio.jobexperiencetask", "pk": 2, "fields": {"job_experience": 2, "task": 2}}, {"model": "portfolio.jobexperiencetask", "pk": 3, "fields": {"job_experience": 2, "task": 3}}, {"model": "portfolio.jobexperiencetask", "pk": 4, "fields": {"job_experience": 1, "task": 4}}, {"model": "portfolio.jobexperiencetask", "pk": 5, "fields": {"job_experience": 1, "task": 1}}, {"model": "portfolio.jobexperiencetask", "pk": 6, "fields": {"job_experience": 1, "task": 5}}, {"model": "portfolio.jobexperiencetask", "pk": 7, "fields": {"job_experience": 1, "task": 6}}, {"model": "portfolio.jobexperiencetask", "pk": 8, "fields": {"job_experience": 3, "task": 2}}, {"model": "portfolio.jobexperiencetask", "pk": 9, "fields": {"job_experience": 3, "task": 7}}, {"model": "portfolio.jobexperiencetask", "pk": 10, "fields": {"job_experience": 3, "task": 8}}, {"model": "portfolio.testimonial", "pk": 5, "fields": {"name": "Leo Luz (IT Supervisor)", "positive_remarks": "Ace always thinks outside the box and automates processes by developing programs that improve company workflow. Very professional and deadline conscious. Demonstrates willingness to learn every time.", "improvement_remarks": "He can improve more his communication skills and ability to translate his idea on layman's terms. Project management skills", "email": "leojoseluz@gmail.com", "platform": "Halcyon Marine Healthcare Systems", "project_description": "Employee", "project_year": 2019, "hash_key": "450c950e-758e-4926-8c57-d9ffceea931b", "is_answered": true, "active": true, "created_at": "2021-01-13T13:32:07.319Z"}}, {"model": "portfolio.testimonial", "pk": 6, "fields": {"name": "Benadict Penaroyo (IT Manager)", "positive_remarks": "Hardworking, resourceful, and has a lot of new ideas. He is a complete package developer. I am so grateful I had the chance to work with Michael.", "improvement_remarks": "Social presentations skills,, medyo mahiyain.", "email": "benedictrpenaroyo@gmail.com", "platform": "New Hatchin Japanese Grocery", "project_description": "Employee", "project_year": 2018, "hash_key": "85edd710-e21a-43f4-a4aa-d1327af8d372", "is_answered": true, "active": true, "created_at": "2021-01-23T17:03:21.039Z"}}, {"model": "portfolio.testimonial", "pk": 7, "fields": {"name": "Andrew Dugan", "positive_remarks": "Michael was a great hire. He was knowledgeable and quick and was able to solve many problems that we had been dealing with for a while. He was responsive and patient with our changes and adjustments to tasks. He understood best-practices with Python, Django, and the Debian server our app was on. I would highly recommend him to others, and I definitely hope to use his services again.", "improvement_remarks": "", "email": "michaelababao200@gmail.com", "platform": "Upwork", "project_description": "Dualmind website new features", "project_year": 2020, "hash_key": "860e62d1-b31e-429b-b272-da2f8480530e", "is_answered": true, "active": true, "created_at": "2021-02-01T14:59:08.412Z"}}, {"model": "portfolio.message", "pk": 1, "fields": {"name": "Michael Ababao", "email": "michaelababao200@gmail.com", "subject": "Inquiry", "message": "I would like to propose a project...", "created_at": "2020-10-15T19:26:48.683Z"}}, {"model": "portfolio.message", "pk": 2, "fields": {"name": "test", "email": "michael.ababao@valens-research.com", "subject": "test", "message": "test", "created_at": "2021-01-01T05:41:52.776Z"}}, {"model": "portfolio.message", "pk": 3, "fields": {"name": "Anj Caratao", "email": "anjcaratao@gmail.com", "subject": "Enormous Project", "message": "Hi! I hope you are doing well. Reviewed your account and it does fit well to what we are looking at.\r\n\r\nHope you find this message well.", "created_at": "2021-01-17T12:48:23.532Z"}}]